request_id,amount_safe_to_pay,affordability_status,recommended_payment_method,payment_plan,earliest_date_for_full_payment,spending_changes_needed,decision_explanation
request_26,15656000.0,affordable_now,full_payment,2025-08-03:15656000,2025-08-03,none,"Pay IDR 15,656,000 in full on 2025-08-03. This keeps at least IDR 24,768,300 available through the 90-day forecast. Client submitted an invoice approved for settlement 2025-08-15 (InvoiceFlow); not yet settled at message time, so not counted as confirmed cash."
request_27,6670.0,affordable_now,full_payment,2026-07-05:6670,2026-07-05,none,"Pay ZAR 6,670 in full on 2026-07-05. This keeps at least ZAR 20,500 available through the 90-day forecast."
request_28,263.91,not_affordable,not_recommended,none,,none,"Not recommended right now: only EUR 263.91 can be paid without dropping below the EUR 1,100 you want to keep. Committed expenses over the next 90 days use up the remaining headroom, so no full, partial or installment plan stays safe by 2024-08-15. Message confirms the EUR 653.40 one-time arrears adjustment (already recorded as event_2508) is a one-off, separate from the EUR 1452 regular salary."
request_29,51524.0,affordable_now,full_payment,2025-11-04:51524,2025-11-04,none,"Pay ZAR 51,524 in full on 2025-11-04. This keeps at least ZAR 28,300 available through the 90-day forecast. Seasonal contract with Riverline Retail ended after the 2025-08-15 payment; no off-season income or renewal confirmed as of 2025-10-27."
request_30,775.2,affordable_with_plan,installments,2026-04-06:268.74|2026-05-06:268.74|2026-06-05:268.74,2026-04-06,none,"Use 3 installments of USD 268.74 starting 2026-04-06, totaling USD 806.22. This keeps the balance at or above USD 900 at every step."
request_31,3280521.64,affordable_later,wait,2024-11-15:18164000,2024-11-15,none,"Wait and pay the full IDR 18,164,000 on 2024-11-15, once the balance can safely absorb it."
request_32,11475.56,affordable_with_plan,wait,2025-04-15:40018,,reduce_to:event_2929:1181.40|stop:event_2863,"Wait and pay the full ZAR 40,018 on 2025-04-15, once the balance can safely absorb it. This requires reducing dining to its minimum; stopping delivery_membership to free up enough cash. First salary of ZAR 54120 confirmed for 2025-02-15, consistent with the existing payroll pattern."
request_33,40525.76,affordable_with_plan,wait,2026-03-15:118000,,reduce_to:event_2968:2240,"Wait and pay the full INR 118,000 on 2026-03-15, once the balance can safely absorb it. This requires reducing shopping to its minimum to free up enough cash. Bank confirmed a matching debit and credit on the account were an internal transfer between the user's own two accounts, not new external cash flow."
request_34,129400.0,affordable_now,full_payment,2024-12-04:129400,2024-12-04,none,"Pay INR 129,400 in full on 2024-12-04. This keeps at least INR 138,500 available through the 90-day forecast. Client submitted an invoice approved for settlement 2024-12-15 (InvoiceLane); not yet settled at message time, so not counted as confirmed cash."
request_35,23270.79,affordable_later,wait,2026-01-15:212000,2026-01-15,none,"Wait and pay the full INR 212,000 on 2026-01-15, once the balance can safely absorb it. Restaurant tax invoice (event_3231) grand total is INR 8528. Separate refund for event_3230 was only initiated as of 2025-10-20 and had not reached the account; do not count until settled."
request_36,530.14,affordable_later,wait,2026-09-15:3954,2026-09-15,none,"Wait and pay the full USD 3,954 on 2026-09-15, once the balance can safely absorb it. Confirmed salary raised to USD 2988 effective 2026-07-15 (from USD 2330.64)."
request_37,2209979.27,not_affordable,not_recommended,none,,none,"Not recommended right now: only IDR 2,209,979.27 can be paid without dropping below the IDR 17,056,200 you want to keep. Committed expenses over the next 90 days use up the remaining headroom, so no full, partial or installment plan stays safe by 2024-05-15. Regular salary of IDR 21090000 continues; the one-time arrears adjustment of IDR 9490500 is already reflected as event_3336."
request_38,205.41,affordable_later,wait,2025-10-15:971.30,2025-10-15,none,"Wait and pay the full EUR 971.30 on 2025-10-15, once the balance can safely absorb it. Prize proceeds (event_3491) settled and the claim is now closed; no further prize payments should be assumed."
request_39,128280.3,affordable_later,wait,2026-06-15:208600,2026-06-15,none,"Wait and pay the full INR 208,600 on 2026-06-15, once the balance can safely absorb it."
request_40,295.68,not_affordable,not_recommended,none,,none,"Not recommended right now: only EUR 295.68 can be paid without dropping below the EUR 1,500 you want to keep. Committed expenses over the next 90 days use up the remaining headroom, so no full, partial or installment plan stays safe by 2024-08-15."
request_41,8526444.79,affordable_later,wait,2026-01-15:38760000,2026-01-15,none,"Wait and pay the full IDR 38,760,000 on 2026-01-15, once the balance can safely absorb it."
request_42,52100.0,affordable_now,full_payment,2026-01-05:52100,2026-01-05,none,"Pay INR 52,100 in full on 2026-01-05. This keeps at least INR 113,100 available through the 90-day forecast. One household employment record ended; employer confirms the remaining confirmed monthly household salary is INR 148000 going forward (message dated 2025-12-31). Ended income should not be projected into future months."
request_43,8066547.93,affordable_later,wait,2024-11-15:43339000,2024-11-15,none,"Wait and pay the full IDR 43,339,000 on 2024-11-15, once the balance can safely absorb it."
request_44,27739.78,not_affordable,not_recommended,none,,none,"Not recommended right now: only INR 27,739.78 can be paid without dropping below the INR 82,900 you want to keep. Committed expenses over the next 90 days use up the remaining headroom, so no full, partial or installment plan stays safe by 2025-04-15. First salary of INR 115000 confirmed for 2025-02-15, consistent with the existing payroll pattern."
request_45,4041545.83,affordable_later,wait,2026-09-15:21983000,2026-09-15,none,"Wait and pay the full IDR 21,983,000 on 2026-09-15, once the balance can safely absorb it. Confirmed salary raised to IDR 17290000 effective 2026-07-15 (permanent change)."
request_46,49450.0,affordable_with_plan,installments,2024-12-03:25714|2024-12-31:25714,2024-12-03,none,"Use 2 installments of INR 25,714 starting 2024-12-03, totaling INR 51,428. This keeps the balance at or above INR 84,000 at every step."
request_47,38114000.0,affordable_now,full_payment,2025-05-05:38114000,2025-05-05,none,"Pay IDR 38,114,000 in full on 2025-05-05. This keeps at least IDR 30,049,000 available through the 90-day forecast."
request_48,45700.0,affordable_now,full_payment,2026-07-25:45700,2026-07-25,none,"Pay INR 45,700 in full on 2026-07-25. This keeps at least INR 71,300 available through the 90-day forecast. Property maintenance receipt (event_4535) total amount received is INR 15339."
request_49,11974188.05,not_affordable,not_recommended,none,,none,"Not recommended right now: only IDR 11,974,188.05 can be paid without dropping below the IDR 20,275,700 you want to keep. Committed expenses over the next 90 days use up the remaining headroom, so no full, partial or installment plan stays safe by 2024-05-22. Employer confirms temporary reduced monthly salary of IDR 31464000 continues for the next payroll cycle (message dated 2024-02-21), matching the already-recorded event_4557/event_4564."
request_50,43900.0,affordable_now,full_payment,2025-08-06:43900,2025-08-06,none,"Pay INR 43,900 in full on 2025-08-06. This keeps at least INR 99,700 available through the 90-day forecast. One household income stream (the 'Second household income' series) ended as of 2025-08-05; going forward the confirmed total household salary is INR 126000/month, replacing the prior separate incomes."
request_51,2191000.0,affordable_now,full_payment,2026-01-03:2191000,2026-01-03,none,"Pay IDR 2,191,000 in full on 2026-01-03. This keeps at least IDR 7,811,000 available through the 90-day forecast."
request_52,23286.91,affordable_later,wait,2024-06-15:28870,2024-06-15,none,"Wait and pay the full INR 28,870 on 2024-06-15, once the balance can safely absorb it. First salary from new employer confirmed at INR 69000 for 2024-06-15, consistent with the already-established new-employer payroll amount."
request_53,462.2,affordable_with_plan,installments,2025-11-21:589.06|2025-12-19:589.06|2026-01-16:589.06,2026-01-15,reduce_to:event_4992:44.50,"Use 3 installments of USD 589.06 starting 2025-11-21, totaling USD 1,767.18. This keeps the balance at or above USD 2,100 at every step. This requires reducing dining to its minimum to free up enough cash."
request_54,5407.74,not_affordable,not_recommended,none,,none,"Not recommended right now: only ZAR 5,407.74 can be paid without dropping below the ZAR 37,000 you want to keep. Committed expenses over the next 90 days use up the remaining headroom, so no full, partial or installment plan stays safe by 2026-08-21. Confirmed salary raised to ZAR 42460 effective 2026-07-15 (from ZAR 33118.8)."
request_55,136240.23,affordable_with_plan,installments,2026-06-11:75781.33|2026-07-12:75781.33|2026-08-12:75781.33,2026-08-15,stop:event_5101|reduce_to:event_5167:2750,"Use 3 installments of INR 75,781.33 starting 2026-06-11, totaling INR 227,343.99. This keeps the balance at or above INR 124,300 at every step. This requires stopping streaming; reducing dining to its minimum to free up enough cash. Water bill (event_5170) amount confirmed as INR 723.00 from the payment receipt image."
request_56,590.71,affordable_with_plan,partial_payment,2025-02-03:590.71|2025-02-15:290.85,2025-02-15,none,"Pay USD 590.71 today (2025-02-03) and the remaining USD 290.85 on 2025-02-15. This keeps at least USD 2,100 available throughout."
request_57,12349.83,affordable_later,wait,2026-06-15:61446,2026-06-15,none,"Wait and pay the full ZAR 61,446 on 2026-06-15, once the balance can safely absorb it. A matching debit and credit are an internal transfer between the user's own two accounts (a wash, not new cash), but no event ids were shown to identify which entries."
request_58,16226000.0,affordable_now,full_payment,2024-12-07:16226000,2024-12-07,none,"Pay IDR 16,226,000 in full on 2024-12-07. This keeps at least IDR 14,433,900 available through the 90-day forecast. One household income source ended; remaining confirmed monthly salary is IDR 25840000 (permanent change) effective after 2024-11-15."
request_59,140600.0,affordable_with_plan,installments,2025-05-07:48741.33|2025-06-04:48741.33|2025-07-02:48741.33,2025-05-04,none,"Use 3 installments of INR 48,741.33 starting 2025-05-07, totaling INR 146,223.99. This keeps the balance at or above INR 132,600 at every step."
request_60,0.0,not_affordable,not_recommended,none,,none,"Not recommended right now: no part of this can be paid without dropping below the USD 400 you want to keep. Committed expenses over the next 90 days consume the available headroom before 2026-03-04. Employer confirms next payroll amount is USD 530.40 (message dated 2025-12-26), following a reduced payment of USD 291.72 on 2025-12-15 due to approved unpaid leave."
request_61,29062.0,affordable_with_plan,installments,2024-03-17:10074.83|2024-04-17:10074.83|2024-05-18:10074.83,2024-03-03,none,"Use 3 installments of ZAR 10,074.83 starting 2024-03-17, totaling ZAR 30,224.49. This keeps the balance at or above ZAR 36,700 at every step. Seasonal contract with Greenfield Foods ended after the 2023-12-15 payment; no off-season income or renewal confirmed as of 2024-02-28."
request_62,404.23,affordable_now,full_payment,2025-08-05:404.23,2025-08-05,none,"Pay USD 404.23 in full on 2025-08-05. This keeps at least USD 1,300 available through the 90-day forecast. Client approved an invoice for USD 2112 with settlement expected 2025-08-15 (InvoiceFlow); an approved-but-unsettled receivable, so not counted as confirmed cash."
request_63,32276.99,not_affordable,not_recommended,none,,none,"Not recommended right now: only INR 32,276.99 can be paid without dropping below the INR 153,500 you want to keep. Committed expenses over the next 90 days use up the remaining headroom, so no full, partial or installment plan stays safe by 2026-09-17."
request_64,0.0,not_affordable,not_recommended,none,,none,"Not recommended right now: no part of this can be paid without dropping below the INR 36,100 you want to keep. Committed expenses over the next 90 days consume the available headroom before 2024-08-16."
request_65,6728.49,not_affordable,not_recommended,none,,none,"Not recommended right now: only ZAR 6,728.49 can be paid without dropping below the ZAR 15,500 you want to keep. Committed expenses over the next 90 days use up the remaining headroom, so no full, partial or installment plan stays safe by 2025-11-25. Quarterly performance bonus amount and payment date not yet approved/finalized; do not count as confirmed income until payroll confirms."
request_66,22200.0,affordable_now,full_payment,2026-04-03:22200,2026-04-03,none,"Pay INR 22,200 in full on 2026-04-03. This keeps at least INR 80,700 available through the 90-day forecast. Client approved an invoice for INR 116000 with settlement expected 2026-04-15, but it has not settled yet; other submitted invoices remain unapproved and should not be counted."
request_67,332.91,affordable_later,wait,2024-11-15:2094,2024-11-15,none,"Wait and pay the full USD 2,094 on 2024-11-15, once the balance can safely absorb it."
request_68,1396.74,not_affordable,not_recommended,none,2025-04-15,none,"Not recommended right now: only USD 1,396.74 can be paid without dropping below the USD 1,500 you want to keep. Committed expenses over the next 90 days use up the remaining headroom, so no full, partial or installment plan stays safe by 2025-04-16. Payroll credit date shifted to 2025-02-23 for the next cycle; no change to the salary amount."
request_69,501.45,affordable_later,wait,2026-02-15:529.10,2026-02-15,none,"Wait and pay the full EUR 529.10 on 2026-02-15, once the balance can safely absorb it. Rent increases 12% from the next payment; no exact new amount was stated so it is not applied as a figure."
request_70,49190.01,affordable_later,wait,2025-02-15:243900,2025-02-15,none,"Wait and pay the full INR 243,900 on 2025-02-15, once the balance can safely absorb it. Portfolio's displayed market value has increased; no units sold and no cash proceeds generated, so this does not affect cash flow."
request_71,0.0,not_affordable,not_recommended,none,,none,"Not recommended right now: no part of this can be paid without dropping below the IDR 8,884,800 you want to keep. Committed expenses over the next 90 days consume the available headroom before 2025-05-28."
request_72,11330.0,affordable_now,full_payment,2026-07-05:11330,2026-07-05,none,"Pay ZAR 11,330 in full on 2026-07-05. This keeps at least ZAR 12,200 available through the 90-day forecast. First salary of ZAR 18700 confirmed for credit date 2026-07-15, consistent with existing payroll pattern."
request_73,71303.65,affordable_later,wait,2023-02-15:71400,2023-02-15,none,"Wait and pay the full INR 71,400 on 2023-02-15, once the balance can safely absorb it. Hospital bill (event_6859) confirmed payable amount is INR 3650.00 per the itemized bill image (Amount Paid: 0.00, Balance: 3650.00); a separate RentTrack message mentions a 12% rent increase on lease renewal but gives no exact new figure or event_id, so no override was made for it."
request_74,5010.0,affordable_now,full_payment,2025-08-04:5010,2025-08-04,none,"Pay ZAR 5,010 in full on 2025-08-04. This keeps at least ZAR 21,900 available through the 90-day forecast. Client approved an invoice for ZAR 26180 with settlement expected 2025-08-15 (PayPilot); an approved-but-unsettled receivable, so not counted as confirmed cash."
request_75,8326.51,not_affordable,not_recommended,none,,none,"Not recommended right now: only ZAR 8,326.51 can be paid without dropping below the ZAR 39,000 you want to keep. Committed expenses over the next 90 days use up the remaining headroom, so no full, partial or installment plan stays safe by 2026-06-12. Employment with Northstar Labs has ended; no further regular salary payments are scheduled after the final settlement (amount not yet specified)."
request_76,931.48,not_affordable,not_recommended,none,2024-06-20,none,"Not recommended right now: only USD 931.48 can be paid without dropping below the USD 1,800 you want to keep. Committed expenses over the next 90 days use up the remaining headroom, so no full, partial or installment plan stays safe by 2024-07-30. Confirmed base salary raised to USD 3072 per employer notice dated 2024-05-31 (up from prior USD 1843.2); sales commission on open deals remains pending approval and is not confirmed income."
request_77,55615.41,affordable_later,wait,2025-11-15:60700,2025-11-15,none,"Wait and pay the full INR 60,700 on 2025-11-15, once the balance can safely absorb it. Refund related to event_7186 has been initiated by the merchant but had not reached the account as of 2025-11-04; do not count until settled."
request_78,41831.6,affordable_later,wait,2025-12-15:50200,2025-12-15,none,"Wait and pay the full INR 50,200 on 2025-12-15, once the balance can safely absorb it. Taxi fare (event_7307) confirmed charge is USD 33.50 per the CityCab receipt (the $40 shown was cash tendered, with $6.50 change)."
request_79,570.48,not_affordable,not_recommended,none,,none,"Not recommended right now: only EUR 570.48 can be paid without dropping below the EUR 1,000 you want to keep. Committed expenses over the next 90 days use up the remaining headroom, so no full, partial or installment plan stays safe by 2024-11-01."
request_80,120912.02,not_affordable,not_recommended,none,2025-02-11,none,"Not recommended right now: only INR 120,912.02 can be paid without dropping below the INR 121,300 you want to keep. Committed expenses over the next 90 days use up the remaining headroom, so no full, partial or installment plan stays safe by 2025-02-21. Confirmed base salary raised to INR 158000 effective going forward per employer update on 2025-01-26; open-deal commissions remain pending, not confirmed income."
request_81,2076.0,affordable_now,full_payment,2026-07-03:2076,2026-07-03,none,"Pay USD 2,076 in full on 2026-07-03. This keeps at least USD 1,600 available through the 90-day forecast. Rent for the user's lease is increasing by 12% starting the next payment cycle; exact new amount not stated in this message."
request_82,306.2,not_affordable,not_recommended,none,,none,"Not recommended right now: only USD 306.20 can be paid without dropping below the USD 1,100 you want to keep. Committed expenses over the next 90 days use up the remaining headroom, so no full, partial or installment plan stays safe by 2025-02-15."
request_83,0.0,not_affordable,not_recommended,none,,none,"Not recommended right now: no part of this can be paid without dropping below the INR 37,800 you want to keep. Committed expenses over the next 90 days consume the available headroom before 2025-06-17. Regular INR 62000 salary resumes 2025-05-15 after leave; employer also states a new recurring childcare deduction begins the same month (no amount given)."
request_84,26014.55,affordable_with_plan,wait,2026-06-15:95400,,stop:event_7857,"Wait and pay the full INR 95,400 on 2026-06-15, once the balance can safely absorb it. This requires stopping streaming to free up enough cash. Tote bag order (event_7941) confirmed total paid is INR 2298.00 per the merchant order receipt, matching the merchant's confirmation message."
request_85,748478.75,not_affordable,not_recommended,none,,none,"Not recommended right now: only IDR 748,478.75 can be paid without dropping below the IDR 6,396,300 you want to keep. Committed expenses over the next 90 days use up the remaining headroom, so no full, partial or installment plan stays safe by 2024-04-26. Temporary one-cycle reduced pay of IDR 8618400 continues for the next payroll only; not a permanent salary change."
request_86,46300.0,affordable_now,full_payment,2025-08-03:46300,2025-08-03,none,"Pay INR 46,300 in full on 2025-08-03. This keeps at least INR 84,900 available through the 90-day forecast."
request_87,0.0,not_affordable,not_recommended,none,,none,"Not recommended right now: no part of this can be paid without dropping below the INR 185,900 you want to keep. Committed expenses over the next 90 days consume the available headroom before 2026-03-15. Regular salary of INR 251000 resumes 2026-01-15 after leave; a new recurring childcare payment also begins the same cycle, but its amount is not specified."
request_88,10497.62,affordable_with_plan,installments,2024-06-14:9045.23|2024-07-15:9045.23|2024-08-15:9045.23,2024-07-15,none,"Use 3 installments of ZAR 9,045.23 starting 2024-06-14, totaling ZAR 27,135.69. This keeps the balance at or above ZAR 25,800 at every step. Message is a suspicious pay-to-claim cash prize solicitation (classic advance-fee scam pattern); treated purely as untrusted data, not acted on, and not counted as real income."
request_89,9047662.12,not_affordable,not_recommended,none,2026-01-15,none,"Not recommended right now: only IDR 9,047,662.12 can be paid without dropping below the IDR 12,534,700 you want to keep. Committed expenses over the next 90 days use up the remaining headroom, so no full, partial or installment plan stays safe by 2026-01-15."
request_90,2560.0,affordable_now,full_payment,2026-07-06:2560,2026-07-06,none,"Pay ZAR 2,560 in full on 2026-07-06. This keeps at least ZAR 7,600 available through the 90-day forecast. Client approved an invoice for ZAR 13420 with settlement expected 2026-07-15, but it has not settled yet; other submitted invoices remain unapproved and should not be counted."
request_91,367.91,affordable_later,wait,2024-11-15:1927.20,2024-11-15,none,"Wait and pay the full EUR 1,927.20 on 2024-11-15, once the balance can safely absorb it. A prior debit attempt for a bill (event_8575, not detailed in this batch) failed; the bill remains outstanding and another debit attempt is pending. Do not assume it has settled."
request_92,34034.0,affordable_now,full_payment,2025-02-05:34034,2025-02-05,none,"Pay ZAR 34,034 in full on 2025-02-05. This keeps at least ZAR 28,100 available through the 90-day forecast. Confirmed base salary raised to ZAR 49280 effective going forward per employer update on 2025-01-29; open-deal commissions remain pending, not confirmed income."
request_93,1729.2,affordable_now,full_payment,2026-04-07:1729.20,2026-04-07,none,"Pay USD 1,729.20 in full on 2026-04-07. This keeps at least USD 1,900 available through the 90-day forecast. Prize claim verified but payment not yet credited to the account; still in processing, so it should not be counted as confirmed cash."
request_94,572.0,affordable_now,full_payment,2024-12-04:572,2024-12-04,none,"Pay EUR 572 in full on 2024-12-04. This keeps at least EUR 600 available through the 90-day forecast. Client submitted an invoice approved for settlement 2024-12-15 (ProjectPay); not yet settled at message time, so not counted as confirmed cash."
request_95,40644.26,not_affordable,not_recommended,none,,none,"Not recommended right now: only INR 40,644.26 can be paid without dropping below the INR 145,500 you want to keep. Committed expenses over the next 90 days use up the remaining headroom, so no full, partial or installment plan stays safe by 2025-07-14. Employer confirms the May payroll payment date has shifted to 2025-05-23, replacing the usual mid-month (15th) payroll date."
request_96,72366.61,affordable_with_plan,installments,2026-01-10:31269.33|2026-02-09:31269.33|2026-03-11:31269.33,2026-02-15,reduce_to:event_8980:1610,"Use 3 installments of INR 31,269.33 starting 2026-01-10, totaling INR 93,807.99. This keeps the balance at or above INR 56,500 at every step. This requires reducing dining to its minimum to free up enough cash."
request_97,1205.18,affordable_with_plan,installments,2024-03-19:8145.28|2024-04-19:8145.28|2024-05-20:8145.28,2024-05-15,none,"Use 3 installments of ZAR 8,145.28 starting 2024-03-19, totaling ZAR 24,435.84. This keeps the balance at or above ZAR 29,700 at every step."
request_98,8550.29,affordable_with_plan,wait,2025-10-15:27148,,reduce_to:event_9079:620.40|stop:event_9077,"Wait and pay the full ZAR 27,148 on 2025-10-15, once the balance can safely absorb it. This requires reducing entertainment to its minimum; stopping streaming to free up enough cash."
request_99,16197.16,affordable_later,wait,2026-07-15:18062,2026-07-15,none,"Wait and pay the full ZAR 18,062 on 2026-07-15, once the balance can safely absorb it."
request_100,24860.09,not_affordable,not_recommended,none,2024-08-15,none,"Not recommended right now: only ZAR 24,860.09 can be paid without dropping below the ZAR 32,500 you want to keep. Committed expenses over the next 90 days use up the remaining headroom, so no full, partial or installment plan stays safe by 2024-08-16."
request_101,143500.0,affordable_now,full_payment,2025-11-03:143500,2025-11-03,none,"Pay INR 143,500 in full on 2025-11-03. This keeps at least INR 187,400 available through the 90-day forecast. Pharmacy purchase receipt total is INR 4543. Prize proceeds (event_9420) confirmed as one-off; employer/service source states no further prize payment unless a new prize is confirmed."
request_102,1716.0,affordable_with_plan,installments,2026-04-05:594.88|2026-05-05:594.88|2026-06-04:594.88,2026-04-05,none,"Use 3 installments of EUR 594.88 starting 2026-04-05, totaling EUR 1,784.64. This keeps the balance at or above EUR 900 at every step. Client-approved invoice of EUR 1419 has settlement expected 2026-04-15 but was not yet settled as of the message; do not count until settled. Other submitted invoices remain unapproved."
request_103,7203.97,not_affordable,not_recommended,none,,none,"Not recommended right now: only INR 7,203.97 can be paid without dropping below the INR 125,500 you want to keep. Committed expenses over the next 90 days use up the remaining headroom, so no full, partial or installment plan stays safe by 2024-10-07. Temporary one-cycle reduced pay of INR 164880 continues for the next payroll only; not a permanent salary change."
request_104,17204.0,affordable_now,full_payment,2025-02-04:17204,2025-02-04,none,"Pay ZAR 17,204 in full on 2025-02-04. This keeps at least ZAR 24,700 available through the 90-day forecast. Confirmed base salary raised to ZAR 35860 (permanent); pending commission on open deals not yet earned/payable and should not be counted."
request_105,53500.0,affordable_now,full_payment,2026-06-08:53500,2026-06-08,none,"Pay INR 53,500 in full on 2026-06-08. This keeps at least INR 73,900 available through the 90-day forecast. Airline ticket purchase confirmed at INR 9,968 (grand total incl. taxes) per invoice image; portfolio value increase mentioned elsewhere is unrealized and not counted as cash."
request_106,963.42,affordable_later,wait,2025-02-15:2207.70,2025-02-15,none,"Wait and pay the full EUR 2,207.70 on 2025-02-15, once the balance can safely absorb it. New employer confirms next payroll (2024-12-15) at EUR 1815, consistent with the amount already recorded for event_9828; no change to forecast."
request_107,0.0,not_affordable,not_recommended,none,,none,"Not recommended right now: no part of this can be paid without dropping below the EUR 1,600 you want to keep. Committed expenses over the next 90 days consume the available headroom before 2025-07-04. Employer confirms a new (higher) regular salary of EUR 2123 scheduled to begin 2025-05-15, following the prorated first salary of EUR 1167.65 (event_9889); treat EUR 2123 as the ongoing confirmed monthly salary going forward once it settles."
request_108,3232.7,affordable_later,wait,2026-07-21:55308,2026-07-21,none,"Wait and pay the full ZAR 55,308 on 2026-07-21, once the balance can safely absorb it. Confirmed base salary raised to ZAR 33440 effective going forward per employer update on 2026-06-28; open-deal commissions remain pending, not confirmed income."
request_109,507.45,not_affordable,not_recommended,none,2024-05-15,none,"Not recommended right now: only EUR 507.45 can be paid without dropping below the EUR 1,700 you want to keep. Committed expenses over the next 90 days use up the remaining headroom, so no full, partial or installment plan stays safe by 2024-05-26."
request_110,22352.0,affordable_with_plan,installments,2025-08-06:7748.69|2025-09-03:7748.69|2025-10-01:7748.69,2025-08-06,none,"Use 3 installments of ZAR 7,748.69 starting 2025-08-06, totaling ZAR 23,246.07. This keeps the balance at or above ZAR 11,200 at every step. Client submitted an invoice approved for settlement 2025-08-15 (WorkPort); not yet settled at message time, so not counted as confirmed cash."
request_111,14314834.85,affordable_with_plan,full_payment,2026-04-03:16625000,,reduce_to:event_10302:335350|stop:event_10264,"Pay IDR 16,625,000 in full on 2026-04-03. This keeps at least IDR 23,022,800 available through the 90-day forecast. This requires reducing dining to its minimum; stopping cloud_storage to free up enough cash. Employment with HarborWorks has ended; no further recurring salary is confirmed after the final settlement. Final settlement amount/date not yet provided."
request_112,252.16,affordable_later,wait,2024-08-15:271.70,2024-08-15,none,"Wait and pay the full EUR 271.70 on 2024-08-15, once the balance can safely absorb it."
request_113,21145.06,affordable_later,wait,2026-11-15:36500,2026-11-15,none,"Wait and pay the full INR 36,500 on 2026-11-15, once the balance can safely absorb it. EV charging wallet payment (event_10521) confirmed at INR 393.22 per receipt image_16."
request_114,0.0,not_affordable,not_recommended,none,,none,"Not recommended right now: no part of this can be paid without dropping below the INR 113,400 you want to keep. Committed expenses over the next 90 days consume the available headroom before 2026-01-14. Next payroll cycle confirmed at INR 148200 (described as reduced) due to approved unpaid leave; one-off adjustment, not a permanent change."
request_115,14426.44,affordable_later,wait,2024-11-15:80500,2024-11-15,none,"Wait and pay the full INR 80,500 on 2024-11-15, once the balance can safely absorb it."
request_116,1840.92,not_affordable,not_recommended,none,,none,"Not recommended right now: only INR 1,840.92 can be paid without dropping below the INR 80,300 you want to keep. Committed expenses over the next 90 days use up the remaining headroom, so no full, partial or installment plan stays safe by 2025-04-16."
request_117,835.82,affordable_later,wait,2026-07-15:880,2026-07-15,none,"Wait and pay the full EUR 880 on 2026-07-15, once the balance can safely absorb it. Confirmed salary raised to EUR 1188 effective 2026-07-15 (from EUR 926.64)."
request_118,707.8,affordable_with_plan,installments,2024-12-07:255.87|2025-01-07:255.87|2025-02-07:255.87,2025-02-15,none,"Use 3 installments of EUR 255.87 starting 2024-12-07, totaling EUR 767.61. This keeps the balance at or above EUR 600 at every step."
request_119,0.0,not_affordable,not_recommended,none,,none,"Not recommended right now: no part of this can be paid without dropping below the INR 151,200 you want to keep. Committed expenses over the next 90 days consume the available headroom before 2025-07-17. Regular salary of INR 176000 resumes 2025-05-15; a new recurring childcare deduction begins the same month but no amount was given."
request_120,7714000.0,affordable_now,full_payment,2026-04-06:7714000,2026-04-06,none,"Pay IDR 7,714,000 in full on 2026-04-06. This keeps at least IDR 20,050,300 available through the 90-day forecast."
request_121,633.6,affordable_now,full_payment,2024-03-03:633.60,2024-03-03,none,Pay USD 633.60 in full on 2024-03-03. This keeps at least USD 800 available through the 90-day forecast.
request_122,20558000.0,affordable_with_plan,installments,2025-08-05:7126773.33|2025-09-02:7126773.33|2025-09-30:7126773.33,2025-08-05,none,"Use 3 installments of IDR 7,126,773.33 starting 2025-08-05, totaling IDR 21,380,319.99. This keeps the balance at or above IDR 12,588,500 at every step. Client approved an invoice for IDR 15,390,000 with settlement expected 2025-08-15, but it has not settled yet; other submitted invoices remain unapproved and should not be counted."
request_123,4076000.0,affordable_now,full_payment,2026-01-07:4076000,2026-01-07,none,"Pay IDR 4,076,000 in full on 2026-01-07. This keeps at least IDR 18,091,200 available through the 90-day forecast. TaskSprint's next weekly payout was still pending/unsettled as of 2026-01-06; do not count until settlement is confirmed."
request_124,1352.75,not_affordable,not_recommended,none,2024-08-15,none,"Not recommended right now: only EUR 1,352.75 can be paid without dropping below the EUR 1,600 you want to keep. Committed expenses over the next 90 days use up the remaining headroom, so no full, partial or installment plan stays safe by 2024-08-20."
request_125,6468.0,affordable_now,full_payment,2025-11-06:6468,2025-11-06,none,"Pay ZAR 6,468 in full on 2025-11-06. This keeps at least ZAR 11,300 available through the 90-day forecast. Salary of EUR 748 confirmed for 2025-11-15, converted at the settlement-date rate; consistent with existing payroll pattern."
request_126,159600.0,affordable_now,full_payment,2026-07-03:159600,2026-07-03,none,"Pay INR 159,600 in full on 2026-07-03. This keeps at least INR 129,700 available through the 90-day forecast. Client approved an invoice for INR 152000 with settlement expected 2026-07-15 (ClientDesk); an approved-but-unsettled receivable, so not counted as confirmed cash."
request_127,0.0,not_affordable,not_recommended,none,,none,"Not recommended right now: no part of this can be paid without dropping below the ZAR 41,000 you want to keep. Committed expenses over the next 90 days consume the available headroom before 2024-10-18. Regular salary of ZAR 50160 resumes 2024-09-15; a new recurring childcare payment (expense) also begins that month per employer notice."
request_128,25168.0,affordable_now,full_payment,2025-02-07:25168,2025-02-07,none,"Pay ZAR 25,168 in full on 2025-02-07. This keeps at least ZAR 42,600 available through the 90-day forecast. Quarterly performance bonus final amount and payment date not yet approved; do not count until confirmed."
request_129,102.49,not_affordable,not_recommended,none,,none,"Not recommended right now: only USD 102.49 can be paid without dropping below the USD 800 you want to keep. Committed expenses over the next 90 days use up the remaining headroom, so no full, partial or installment plan stays safe by 2026-06-18. Prize claim (event_11925) is closed; no further WinPoint payments are scheduled."
request_130,428.15,affordable_later,wait,2025-02-15:1978.80,2025-02-15,none,"Wait and pay the full USD 1,978.80 on 2025-02-15, once the balance can safely absorb it. Temporary one-cycle reduced pay of USD 2177.28 continues for the next payroll only; not a permanent salary change."
request_131,1385.56,affordable_with_plan,installments,2025-05-06:643.14|2025-06-03:643.14|2025-07-01:643.14,2025-06-15,none,"Use 3 installments of USD 643.14 starting 2025-05-06, totaling USD 1,929.42. This keeps the balance at or above USD 1,100 at every step. Payroll credit date shifted; next salary payment confirmed for 2025-05-23 instead of the usual mid-month date, amount unchanged."
request_132,281.98,affordable_later,wait,2026-03-15:379.86,2026-03-15,none,"Wait and pay the full USD 379.86 on 2026-03-15, once the balance can safely absorb it. Confirmed salary returns to USD 1193.40 for next payroll (after Dec 2025's reduced USD 656.37) due to approved unpaid leave ending."
request_133,15770000.0,not_affordable,not_recommended,none,2024-03-07,none,"Not recommended: IDR 15,770,000 would itself stay above the IDR 9,986,200 you want to keep, but none of the payment options offered for this request fit the methods you accept (partial_payment). Seasonal contract with HarborWorks has ended; no off-season income or contract renewal has been confirmed."
request_134,4364103.29,affordable_later,wait,2025-10-15:21831000,2025-10-15,none,"Wait and pay the full IDR 21,831,000 on 2025-10-15, once the balance can safely absorb it."
request_135,257.59,affordable_later,wait,2026-07-15:304.80,2026-07-15,none,"Wait and pay the full USD 304.80 on 2026-07-15, once the balance can safely absorb it. Confirmed salary raised to USD 828 effective 2026-07-15 (from USD 645.84)."
request_136,481.14,affordable_later,wait,2024-06-15:560.40,2024-06-15,none,"Wait and pay the full USD 560.40 on 2024-06-15, once the balance can safely absorb it."
request_137,18612.61,affordable_with_plan,wait,2026-01-15:80100,,reduce_to:event_12574:2068|stop:event_12572,"Wait and pay the full INR 80,100 on 2026-01-15, once the balance can safely absorb it. This requires reducing shopping to its minimum; stopping streaming to free up enough cash. Rent increases 12% from the next payment; no exact new amount was stated so it is not applied as a figure."
request_138,991.15,affordable_with_plan,partial_payment,2026-04-07:991.15|2026-04-15:265.79,2026-04-15,none,"Pay EUR 991.15 today (2026-04-07) and the remaining EUR 265.79 on 2026-04-15. This keeps at least EUR 2,300 available throughout. Disputed extra card charge on event_12709 is still under investigation; no reversal has been posted, so it remains a real debit for now."
request_139,1792.86,affordable_with_plan,installments,2024-09-07:802.88|2024-10-08:802.88|2024-11-08:802.88,2024-10-15,none,"Use 3 installments of USD 802.88 starting 2024-09-07, totaling USD 2,408.64. This keeps the balance at or above USD 1,500 at every step."
request_140,1182.68,not_affordable,not_recommended,none,,none,"Not recommended right now: only ZAR 1,182.68 can be paid without dropping below the ZAR 21,600 you want to keep. Committed expenses over the next 90 days use up the remaining headroom, so no full, partial or installment plan stays safe by 2025-03-04. First salary of ZAR 31900 confirmed for credit date 2025-02-15, consistent with existing payroll pattern."
request_141,19635.07,not_affordable,not_recommended,none,,none,"Not recommended right now: only INR 19,635.07 can be paid without dropping below the INR 67,300 you want to keep. Committed expenses over the next 90 days use up the remaining headroom, so no full, partial or installment plan stays safe by 2026-02-12."
request_142,1263.6,affordable_now,full_payment,2024-12-05:1263.60,2024-12-05,none,"Pay USD 1,263.60 in full on 2024-12-05. This keeps at least USD 1,700 available through the 90-day forecast. Client approved an invoice for USD 2040 with settlement expected 2024-12-15 (InvoiceFlow); an approved-but-unsettled receivable, so not counted as confirmed cash."
request_143,2854.67,affordable_later,wait,2025-07-15:12584,2025-07-15,none,"Wait and pay the full ZAR 12,584 on 2025-07-15, once the balance can safely absorb it. Prize proceeds (event_13207) settled and the claim is now closed; no further prize payments should be assumed."
request_144,161.12,affordable_later,wait,2026-09-15:233.34,2026-09-15,none,"Wait and pay the full USD 233.34 on 2026-09-15, once the balance can safely absorb it."
request_145,37525.91,not_affordable,not_recommended,none,2024-05-15,none,"Not recommended right now: only INR 37,525.91 can be paid without dropping below the INR 155,400 you want to keep. Committed expenses over the next 90 days use up the remaining headroom, so no full, partial or installment plan stays safe by 2024-05-26. Message confirms the INR 116100 one-time arrears adjustment (already recorded as event_13337) is a one-off, separate from the INR 258000 regular salary."
request_146,12368.02,not_affordable,not_recommended,none,,none,"Not recommended right now: only INR 12,368.02 can be paid without dropping below the INR 108,600 you want to keep. Committed expenses over the next 90 days use up the remaining headroom, so no full, partial or installment plan stays safe by 2025-10-17."
request_147,0.0,not_affordable,not_recommended,none,,none,Not recommended right now: no part of this can be paid without dropping below the EUR 900 you want to keep. Committed expenses over the next 90 days consume the available headroom before 2026-06-07. Regular EUR 1529 salary resumes 2026-04-15 after leave; a new recurring childcare deduction also begins the same month but its amount was not specified.
request_148,6771.79,affordable_with_plan,installments,2024-06-14:7710.56|2024-07-15:7710.56|2024-08-15:7710.56,2024-08-15,reduce_to:event_13594:576.40|reduce_to:event_13661:531.30,"Use 3 installments of ZAR 7,710.56 starting 2024-06-14, totaling ZAR 23,131.68. This keeps the balance at or above ZAR 20,000 at every step. This requires reducing entertainment to its minimum; reducing dining to its minimum to free up enough cash. Investment sale proceeds (event_13663) fully settled to cash with nothing pending."
request_149,23929.15,not_affordable,not_recommended,none,2026-01-15,none,"Not recommended right now: only ZAR 23,929.15 can be paid without dropping below the ZAR 42,100 you want to keep. Committed expenses over the next 90 days use up the remaining headroom, so no full, partial or installment plan stays safe by 2026-01-19."
request_150,253.56,affordable_with_plan,installments,2026-01-06:171.98|2026-02-05:171.98|2026-03-07:171.98,2026-03-15,stop:event_13786,"Use 3 installments of EUR 171.98 starting 2026-01-06, totaling EUR 515.94. This keeps the balance at or above EUR 700 at every step. This requires stopping streaming to free up enough cash. Confirmed salary returns to EUR 893.75 for next payroll (Jan 2026) after Dec 2025's leave-related reduction to EUR 491.56."
request_151,26999000.0,affordable_now,full_payment,2024-09-03:26999000,2024-09-03,none,"Pay IDR 26,999,000 in full on 2024-09-03. This keeps at least IDR 31,633,600 available through the 90-day forecast. New employer confirms first payroll (2024-09-15) at IDR 46170000, consistent with amount already recorded for event_13888."
request_152,11639.37,not_affordable,not_recommended,none,2025-04-15,none,"Not recommended right now: only ZAR 11,639.37 can be paid without dropping below the ZAR 11,900 you want to keep. Committed expenses over the next 90 days use up the remaining headroom, so no full, partial or installment plan stays safe by 2025-04-13. The employer credit referenced (event_14026, not detailed here) is a one-time reimbursement for an earlier work expense, not salary; claim is closed with no further reimbursements expected."
request_153,0.0,not_affordable,not_recommended,none,,none,"Not recommended right now: no part of this can be paid without dropping below the USD 1,400 you want to keep. Committed expenses over the next 90 days consume the available headroom before 2026-09-24. Foreign-currency merchant charge; final home-currency amount not yet known, so no figure is assumed."
request_154,1625.8,affordable_with_plan,installments,2024-12-04:563.61|2025-01-04:563.61|2025-02-04:563.61,2024-12-04,none,"Use 3 installments of EUR 563.61 starting 2024-12-04, totaling EUR 1,690.83. This keeps the balance at or above EUR 1,300 at every step. One household income source ended; remaining confirmed monthly salary is EUR 1628 (permanent change) effective after 2024-11-15."
request_155,75576.49,not_affordable,not_recommended,none,,none,"Not recommended right now: only INR 75,576.49 can be paid without dropping below the INR 56,300 you want to keep. Committed expenses over the next 90 days use up the remaining headroom, so no full, partial or installment plan stays safe by 2025-05-20. Regular salary of INR 84000 resumes 2025-05-15; a new recurring childcare payment (expense) also begins that month per employer notice."
request_156,9268.97,affordable_later,wait,2026-06-15:43076,2026-06-15,none,"Wait and pay the full ZAR 43,076 on 2026-06-15, once the balance can safely absorb it. Disputed extra card charge (event_14399) remains under investigation as of 2026-04-01; no reversal has been posted yet, so it should not be treated as reversed."
request_157,4352610.76,affordable_later,wait,2024-05-15:23503000,2024-05-15,none,"Wait and pay the full IDR 23,503,000 on 2024-05-15, once the balance can safely absorb it. Employer confirms temporary reduced monthly salary of IDR 23940000 continues for the next payroll cycle (message dated 2024-02-29)."
request_158,242600.0,affordable_with_plan,installments,2025-08-07:84101.33|2025-09-04:84101.33|2025-10-02:84101.33,2025-08-07,none,"Use 3 installments of INR 84,101.33 starting 2025-08-07, totaling INR 252,303.99. This keeps the balance at or above INR 131,400 at every step."
request_159,13398.0,affordable_now,full_payment,2026-01-04:13398,2026-01-04,none,"Pay ZAR 13,398 in full on 2026-01-04. This keeps at least ZAR 8,700 available through the 90-day forecast. Next ShiftPay payout still pending and not withdrawable until closed; not counted as confirmed cash."
request_160,560.31,affordable_with_plan,installments,2024-06-13:432.05|2024-07-14:432.05|2024-08-14:432.05,2024-07-15,none,"Use 3 installments of EUR 432.05 starting 2024-06-13, totaling EUR 1,296.15. This keeps the balance at or above EUR 1,200 at every step."
request_161,0.0,not_affordable,not_recommended,none,,none,"Not recommended right now: no part of this can be paid without dropping below the IDR 23,010,400 you want to keep. Committed expenses over the next 90 days consume the available headroom before 2026-01-15. Employer states the next payroll (2025-11-15) is approved and processing at IDR 26790000, following the prorated first salary (event_14769, IDR 14734500 on 2025-10-15). Amount not yet settled as of message date; treat as expected future recurring salary once it settles."
request_162,532403.37,not_affordable,not_recommended,none,,none,"Not recommended right now: only IDR 532,403.37 can be paid without dropping below the IDR 24,161,100 you want to keep. Committed expenses over the next 90 days use up the remaining headroom, so no full, partial or installment plan stays safe by 2026-08-26. Confirmed salary raised to IDR 29070000 effective 2026-07-15 (from IDR 22674600)."
request_163,9168006.17,not_affordable,not_recommended,none,2024-11-15,none,"Not recommended right now: only IDR 9,168,006.17 can be paid without dropping below the IDR 26,728,700 you want to keep. Committed expenses over the next 90 days use up the remaining headroom, so no full, partial or installment plan stays safe by 2024-11-15. Regular salary of IDR 30400000 continues; the one-time arrears adjustment of IDR 13680000 is already reflected as event_14948."
request_164,27018000.0,affordable_with_plan,installments,2025-02-11:9366240|2025-03-11:9366240|2025-04-08:9366240,2025-02-04,none,"Use 3 installments of IDR 9,366,240 starting 2025-02-11, totaling IDR 28,098,720. This keeps the balance at or above IDR 29,550,500 at every step. Confirmed base salary raised to IDR 44270000 (permanent); commission on running transactions remains pending approval and should not be counted until earned."
request_165,62146.68,affordable_with_plan,full_payment,2026-04-06:80600,,stop:event_15135|reduce_to:event_15173:1875,"Pay INR 80,600 in full on 2026-04-06. This keeps at least INR 95,000 available through the 90-day forecast. This requires stopping streaming; reducing dining to its minimum to free up enough cash. Employment ended per employer notice dated 2026-04-03; no further regular salary payments are scheduled beyond the final settlement."
request_166,2907.6,affordable_with_plan,installments,2024-12-03:1007.97|2025-01-03:1007.97|2025-02-03:1007.97,2024-12-03,none,"Use 3 installments of USD 1,007.97 starting 2024-12-03, totaling USD 3,023.91. This keeps the balance at or above USD 1,700 at every step. Client approved an invoice for USD 2340 with settlement expected 2024-12-15, but it has not settled yet; other submitted invoices remain unapproved and should not be counted."
request_167,43802.0,affordable_now,full_payment,2025-05-05:43802,2025-05-05,none,"Pay ZAR 43,802 in full on 2025-05-05. This keeps at least ZAR 31,200 available through the 90-day forecast. Payroll credit date shifted to 2025-05-23 for the next cycle; no change to the salary amount."
request_168,23661.78,affordable_with_plan,partial_payment,2026-01-07:23661.78|2026-03-15:25718.22,2026-03-15,none,"Pay INR 23,661.78 today (2026-01-07) and the remaining INR 25,718.22 on 2026-03-15. This keeps at least INR 114,400 available throughout. Following the reduced December payment (event_15360, unpaid leave), the next payroll cycle returns to the normal INR 137150 salary."
request_169,41976.0,affordable_now,full_payment,2024-03-04:41976,2024-03-04,none,"Pay ZAR 41,976 in full on 2024-03-04. This keeps at least ZAR 18,700 available through the 90-day forecast. Foreign-currency refund still processing; final home-currency credit amount not yet known, so no amount can be recorded."
request_170,29407776.85,affordable_with_plan,installments,2025-08-06:12804480|2025-09-03:12804480|2025-10-01:12804480,2025-10-15,none,"Use 3 installments of IDR 12,804,480 starting 2025-08-06, totaling IDR 38,413,440. This keeps the balance at or above IDR 24,715,800 at every step. Prize claim verified but payment still in processing as of 2025-08-02; funds have not been credited and should not be counted as available cash."
request_171,10.72,not_affordable,not_recommended,none,,none,"Not recommended right now: only EUR 10.72 can be paid without dropping below the EUR 500 you want to keep. Committed expenses over the next 90 days use up the remaining headroom, so no full, partial or installment plan stays safe by 2026-09-10. Bank message describes a matching debit/credit as an internal transfer between the user's own two accounts (no net cash flow); no specific event_id was provided in this batch to exclude."
request_172,10083.7,affordable_with_plan,partial_payment,2024-06-05:10083.70|2024-06-15:116.30,2024-06-15,none,"Pay ZAR 10,083.70 today (2024-06-05) and the remaining ZAR 116.30 on 2024-06-15. This keeps at least ZAR 27,200 available throughout. Bank notes minimum payments due on two separate card accounts; no specific amounts given."
request_173,61805.41,affordable_with_plan,installments,2025-11-21:39173.33|2025-12-19:39173.33|2026-01-16:39173.33,,reduce_to:event_15946:2105,"Use 3 installments of INR 39,173.33 starting 2025-11-21, totaling INR 117,519.99. This keeps the balance at or above INR 79,100 at every step. This requires reducing dining to its minimum to free up enough cash. Salary of USD 1284 confirmed for settlement on 2025-11-15, consistent with prior recurring payroll pattern; final home-currency amount depends on settlement-date FX rate."
request_174,1146.2,affordable_with_plan,installments,2026-04-04:397.35|2026-05-04:397.35|2026-06-03:397.35,2026-04-04,none,"Use 3 installments of EUR 397.35 starting 2026-04-04, totaling EUR 1,192.05. This keeps the balance at or above EUR 700 at every step."
request_175,2346.3,affordable_now,full_payment,2024-09-06:2346.30,2024-09-06,none,"Pay EUR 2,346.30 in full on 2024-09-06. This keeps at least EUR 1,700 available through the 90-day forecast."
request_176,479.82,affordable_later,wait,2025-02-20:1239.70,2025-02-20,none,"Wait and pay the full EUR 1,239.70 on 2025-02-20, once the balance can safely absorb it. Employer states confirmed base salary is EUR 847, differing from the EUR 508.2 recorded in recent base-salary events; commission on open deals remains pending and should not be counted until earned."
request_177,1017.6,affordable_now,full_payment,2026-01-05:1017.60,2026-01-05,none,"Pay USD 1,017.60 in full on 2026-01-05. This keeps at least USD 1,300 available through the 90-day forecast. Salary was reduced to USD 952.38 for the Dec 2025 cycle only (approved unpaid leave, per event_16230); employer message confirms the next payroll (Jan 2026) reverts to the regular USD 1731.60."
request_178,2938.1,affordable_with_plan,installments,2024-12-07:1018.54|2025-01-07:1018.54|2025-02-07:1018.54,2024-12-07,none,"Use 3 installments of EUR 1,018.54 starting 2024-12-07, totaling EUR 3,055.62. This keeps the balance at or above EUR 1,400 at every step. Client approved an invoice for EUR 2376 with settlement expected 2024-12-15 (FreelanceHub); an approved-but-unsettled receivable, so not counted as confirmed cash."
request_179,20686522.36,affordable_later,wait,2025-07-15:41648000,2025-07-15,none,"Wait and pay the full IDR 41,648,000 on 2025-07-15, once the balance can safely absorb it. Message claims a cash prize requiring an upfront processing fee; this is a suspected advance-fee scam pattern and is not treated as a confirmed financial fact."
request_180,66500.0,affordable_now,full_payment,2026-07-06:66500,2026-07-06,none,"Pay INR 66,500 in full on 2026-07-06. This keeps at least INR 37,300 available through the 90-day forecast. First salary of INR 59000 confirmed for credit date 2026-07-15, consistent with existing payroll pattern."
request_181,132.87,not_affordable,not_recommended,none,,none,"Not recommended right now: only USD 132.87 can be paid without dropping below the USD 2,000 you want to keep. Committed expenses over the next 90 days use up the remaining headroom, so no full, partial or installment plan stays safe by 2024-04-07."
request_182,65714.0,affordable_now,full_payment,2025-08-05:65714,2025-08-05,none,"Pay ZAR 65,714 in full on 2025-08-05. This keeps at least ZAR 31,100 available through the 90-day forecast. Quarterly bonus amount and payment date remain unapproved/pending as of 2025-08-04; do not count until confirmed."
request_183,22485922.85,affordable_with_plan,installments,2026-04-10:9313546.67|2026-05-10:9313546.67|2026-06-09:9313546.67,2026-06-15,reduce_to:event_16815:365560|stop:event_16814|reduce_to:event_16816:342000,"Use 3 installments of IDR 9,313,546.67 starting 2026-04-10, totaling IDR 27,940,640.01. This keeps the balance at or above IDR 11,878,300 at every step. This requires reducing shopping to its minimum; stopping streaming; reducing entertainment to its minimum to free up enough cash. Foreign-currency merchant charge/refund; final home-currency amount not yet known, so no figure is assumed."
request_184,4465.97,not_affordable,not_recommended,none,,none,"Not recommended right now: only INR 4,465.97 can be paid without dropping below the INR 110,800 you want to keep. Committed expenses over the next 90 days use up the remaining headroom, so no full, partial or installment plan stays safe by 2024-07-30. Foreign-currency refund still processing; final home-currency credit amount not yet known, so no amount can be recorded."
request_185,389.78,affordable_later,wait,2026-01-15:1257.30,2026-01-15,none,"Wait and pay the full EUR 1,257.30 on 2026-01-15, once the balance can safely absorb it. Landlord notice: renewed lease increases monthly rent by 12% effective next rent payment (recurring expense change, no event_id given)."
request_186,0.0,not_affordable,not_recommended,none,,none,"Not recommended right now: no part of this can be paid without dropping below the ZAR 22,000 you want to keep. Committed expenses over the next 90 days consume the available headroom before 2026-03-15. Employer confirms the payroll following 2025-12-15 (i.e. next cycle) will be ZAR 31889, after an already-recorded reduced payment (event_17154, ZAR 17538.95) due to approved unpaid leave."
request_187,36573.65,affordable_later,wait,2024-11-15:187500,2024-11-15,none,"Wait and pay the full INR 187,500 on 2024-11-15, once the balance can safely absorb it."
request_188,25.26,not_affordable,not_recommended,none,,none,"Not recommended right now: only EUR 25.26 can be paid without dropping below the EUR 900 you want to keep. Committed expenses over the next 90 days use up the remaining headroom, so no full, partial or installment plan stays safe by 2025-03-04. event_17401 is a closed one-time work-expense reimbursement, not regular salary; no further reimbursement is scheduled."
request_189,488.4,affordable_now,full_payment,2026-07-04:488.40,2026-07-04,none,Pay EUR 488.40 in full on 2026-07-04. This keeps at least EUR 400 available through the 90-day forecast. Confirmed salary increase to EUR 627 effective 2026-07-15 (permanent change).
request_190,568.86,affordable_with_plan,wait,2025-02-15:2557.50,,reduce_to:event_17577:37.50,"Wait and pay the full EUR 2,557.50 on 2025-02-15, once the balance can safely absorb it. This requires reducing dining to its minimum to free up enough cash."
request_191,664.4,affordable_now,full_payment,2025-05-03:664.40,2025-05-03,none,Pay EUR 664.40 in full on 2025-05-03. This keeps at least EUR 500 available through the 90-day forecast. Refund related to event_17662 has been initiated by the merchant but had not reached the account as of 2025-04-23; do not count until settled.
request_192,225.43,affordable_later,wait,2026-06-10:2046,2026-06-10,none,"Wait and pay the full USD 2,046 on 2026-06-10, once the balance can safely absorb it."
request_193,0.0,affordable_with_plan,installments,2024-03-21:420.23|2024-04-21:420.23|2024-05-22:420.23,2024-05-15,reduce_to:event_17837:34.50,"Use 3 installments of EUR 420.23 starting 2024-03-21, totaling EUR 1,260.69. This keeps the balance at or above EUR 1,000 at every step. This requires reducing dining to its minimum to free up enough cash. Employer confirms temporary reduced monthly salary of EUR 1750.32 continues for the next payroll cycle (message dated 2024-03-05)."
request_194,37622.78,affordable_later,wait,2025-10-15:132800,2025-10-15,none,"Wait and pay the full INR 132,800 on 2025-10-15, once the balance can safely absorb it. Employer moved the payroll credit date to 2025-08-23; salary amount itself unchanged."
request_195,0.0,not_affordable,not_recommended,none,,none,Not recommended right now: no part of this can be paid without dropping below the EUR 700 you want to keep. Committed expenses over the next 90 days consume the available headroom before 2026-03-11. Next payroll cycle confirmed at EUR 1222.65 (described as reduced) due to approved unpaid leave; one-off adjustment following a further-reduced December payment.
request_196,762.3,affordable_now,full_payment,2024-06-03:762.30,2024-06-03,none,Pay EUR 762.30 in full on 2024-06-03. This keeps at least EUR 500 available through the 90-day forecast.
request_197,0.0,not_affordable,not_recommended,none,,none,"Not recommended right now: no part of this can be paid without dropping below the IDR 26,245,900 you want to keep. Committed expenses over the next 90 days consume the available headroom before 2026-01-21. Employer confirms next salary of IDR 38,190,000 scheduled for 2025-11-15 (approved by payroll, not yet settled)."
request_198,185800.0,affordable_now,full_payment,2026-07-07:185800,2026-07-07,none,"Pay INR 185,800 in full on 2026-07-07. This keeps at least INR 124,300 available through the 90-day forecast. Disputed extra card charge (event_18269) remains under investigation as of 2026-06-28; no reversal has been posted yet."
request_199,23674000.0,affordable_with_plan,installments,2024-09-07:8206986.67|2024-10-08:8206986.67|2024-11-08:8206986.67,2024-09-04,none,"Use 3 installments of IDR 8,206,986.67 starting 2024-09-07, totaling IDR 24,620,960.01. This keeps the balance at or above IDR 25,359,500 at every step. ShiftPay's next weekly payout was still pending/unsettled as of 2024-08-24; do not count until settlement is confirmed."
request_200,21717000.0,affordable_now,full_payment,2025-02-06:21717000,2025-02-06,none,"Pay IDR 21,717,000 in full on 2025-02-06. This keeps at least IDR 20,114,600 available through the 90-day forecast. Quarterly performance bonus amount and payment date remain unconfirmed, pending final performance review; not counted until confirmed."
request_201,23997000.0,affordable_now,full_payment,2026-04-03:23997000,2026-04-03,none,"Pay IDR 23,997,000 in full on 2026-04-03. This keeps at least IDR 17,304,500 available through the 90-day forecast. Seasonal contract ended per employer notice 2026-03-26; no off-season income or contract renewal confirmed."
request_202,123900.0,affordable_now,full_payment,2024-12-05:123900,2024-12-05,none,"Pay INR 123,900 in full on 2024-12-05. This keeps at least INR 147,800 available through the 90-day forecast. Bank notes minimum payments are due on two separate card accounts this month; a payment to one card does not cover the other's minimum due."
request_203,1442.1,affordable_with_plan,installments,2025-05-10:499.93|2025-06-07:499.93|2025-07-05:499.93,2025-05-07,none,"Use 3 installments of EUR 499.93 starting 2025-05-10, totaling EUR 1,499.79. This keeps the balance at or above EUR 1,400 at every step."
request_204,546.3,affordable_later,wait,2026-02-15:588.74,2026-02-15,none,"Wait and pay the full EUR 588.74 on 2026-02-15, once the balance can safely absorb it."
request_205,10621000.0,affordable_now,full_payment,2024-03-06:10621000,2024-03-06,none,"Pay IDR 10,621,000 in full on 2024-03-06. This keeps at least IDR 13,994,300 available through the 90-day forecast."
request_206,1404.7,affordable_with_plan,installments,2025-08-03:486.96|2025-08-31:486.96|2025-09-28:486.96,2025-08-03,none,"Use 3 installments of EUR 486.96 starting 2025-08-03, totaling EUR 1,460.88. This keeps the balance at or above EUR 900 at every step."
request_207,6629.47,affordable_later,wait,2026-07-15:11830,2026-07-15,none,"Wait and pay the full ZAR 11,830 on 2026-07-15, once the balance can safely absorb it."
request_208,2841210.92,affordable_later,wait,2024-06-15:4413000,2024-06-15,none,"Wait and pay the full IDR 4,413,000 on 2024-06-15, once the balance can safely absorb it. Investment value declined but is unrealized (no sale, no cash transaction); not counted in cash flow."
request_209,1414.4,not_affordable,not_recommended,none,,none,"Not recommended right now: only ZAR 1,414.40 can be paid without dropping below the ZAR 18,400 you want to keep. Committed expenses over the next 90 days use up the remaining headroom, so no full, partial or installment plan stays safe by 2025-11-25."
request_210,963.07,affordable_with_plan,partial_payment,2026-04-06:963.07|2026-04-15:396.95,2026-04-15,none,"Pay USD 963.07 today (2026-04-06) and the remaining USD 396.95 on 2026-04-15. This keeps at least USD 2,000 available throughout. Disputed extra card charge on event_19334 is still under investigation; no reversal has been posted, so it remains a real debit for now."
request_211,316.49,affordable_later,wait,2024-11-15:1788.60,2024-11-15,none,"Wait and pay the full EUR 1,788.60 on 2024-11-15, once the balance can safely absorb it."
request_212,7317465.79,not_affordable,not_recommended,none,,none,"Not recommended right now: only IDR 7,317,465.79 can be paid without dropping below the IDR 29,579,800 you want to keep. Committed expenses over the next 90 days use up the remaining headroom, so no full, partial or installment plan stays safe by 2025-02-28. Employer confirms a previously-scheduled salary payment date shifted to 2025-02-23, replacing the prior notice's date."
request_213,3362.4,affordable_with_plan,installments,2026-01-21:1165.63|2026-02-20:1165.63|2026-03-22:1165.63,2026-01-07,none,"Use 3 installments of USD 1,165.63 starting 2026-01-21, totaling USD 3,496.89. This keeps the balance at or above USD 2,100 at every step. Seasonal contract with HarborWorks has ended; no off-season income or contract renewal has been confirmed."
request_214,39694.34,affordable_with_plan,partial_payment,2024-12-04:39694.34|2025-01-15:30055.66,2025-01-15,none,"Pay INR 39,694.34 today (2024-12-04) and the remaining INR 30,055.66 on 2025-01-15. This keeps at least INR 174,900 available throughout. Foreign-currency refund was still processing as of 2024-11-25; final home-currency credit amount not yet known, so no amount should be assumed."
request_215,29986.0,affordable_with_plan,installments,2025-05-09:10395.15|2025-06-06:10395.15|2025-07-04:10395.15,2025-05-06,none,"Use 3 installments of ZAR 10,395.15 starting 2025-05-09, totaling ZAR 31,185.45. This keeps the balance at or above ZAR 15,700 at every step. Next QuickCrew payout still pending and not withdrawable until closed; not counted as confirmed cash."
request_216,433.94,affordable_later,wait,2026-09-15:3332.40,2026-09-15,none,"Wait and pay the full USD 3,332.40 on 2026-09-15, once the balance can safely absorb it. Confirmed salary increase to USD 2424 effective 2026-07-15 (permanent change)."
request_217,17783.36,affordable_with_plan,installments,2024-03-19:12889.07|2024-04-19:12889.07|2024-05-20:12889.07,,reduce_to:event_19979:561.44|reduce_to:event_20045:663.30,"Use 3 installments of ZAR 12,889.07 starting 2024-03-19, totaling ZAR 38,667.21. This keeps the balance at or above ZAR 26,800 at every step. This requires reducing shopping to its minimum; reducing dining to its minimum to free up enough cash."
request_218,26713995.96,affordable_with_plan,installments,2025-08-07:21195893.33|2025-09-04:21195893.33|2025-10-02:21195893.33,2025-09-15,none,"Use 3 installments of IDR 21,195,893.33 starting 2025-08-07, totaling IDR 63,587,679.99. This keeps the balance at or above IDR 34,477,200 at every step."
request_219,0.0,not_affordable,not_recommended,none,,none,"Not recommended right now: no part of this can be paid without dropping below the EUR 1,100 you want to keep. Committed expenses over the next 90 days consume the available headroom before 2026-06-13. Regular salary of EUR 1914 resumes 2026-04-15; a new recurring childcare payment (expense) also begins that month per employer notice."
request_220,36.8,not_affordable,not_recommended,none,,none,"Not recommended right now: only EUR 36.80 can be paid without dropping below the EUR 1,100 you want to keep. Committed expenses over the next 90 days use up the remaining headroom, so no full, partial or installment plan stays safe by 2024-07-03."
request_221,109800.0,affordable_now,full_payment,2025-11-03:109800,2025-11-03,none,"Pay INR 109,800 in full on 2025-11-03. This keeps at least INR 81,500 available through the 90-day forecast. Refund (event_20379) initiated but not yet received; do not count until it settles into the account."
request_222,34078.0,affordable_now,full_payment,2026-01-05:34078,2026-01-05,none,"Pay ZAR 34,078 in full on 2026-01-05. This keeps at least ZAR 27,300 available through the 90-day forecast. Client approved an invoice for ZAR 35200 with settlement expected 2026-01-15 (ClientDesk); an approved-but-unsettled receivable, so not counted as confirmed cash."
request_223,898.7,affordable_now,full_payment,2024-09-07:898.70,2024-09-07,none,Pay EUR 898.70 in full on 2024-09-07. This keeps at least EUR 800 available through the 90-day forecast.
request_224,9093636.46,affordable_with_plan,installments,2025-02-04:5370040|2025-03-04:5370040,2025-04-15,none,"Use 2 installments of IDR 5,370,040 starting 2025-02-04, totaling IDR 10,740,080. This keeps the balance at or above IDR 22,187,600 at every step. Employer confirms the funds tied to event_20615 are a one-time reimbursement of prior work expenses (claim closed, no further reimbursements), not regular salary."
request_225,10564820.6,affordable_with_plan,installments,2026-07-20:7647120|2026-08-19:7647120|2026-09-18:7647120,2026-09-15,reduce_to:event_20649:314450,"Use 3 installments of IDR 7,647,120 starting 2026-07-20, totaling IDR 22,941,360. This keeps the balance at or above IDR 17,670,700 at every step. This requires reducing streaming to its minimum to free up enough cash. Lease renewal increases the monthly rent by 12%, effective from the next rent payment; no specific new amount or event id was provided."
request_226,157000.0,affordable_now,full_payment,2024-12-03:157000,2024-12-03,none,"Pay INR 157,000 in full on 2024-12-03. This keeps at least INR 209,400 available through the 90-day forecast."
request_227,16360.25,not_affordable,not_recommended,none,,none,"Not recommended right now: only INR 16,360.25 can be paid without dropping below the INR 62,900 you want to keep. Committed expenses over the next 90 days use up the remaining headroom, so no full, partial or installment plan stays safe by 2025-06-20. A further quarterly bonus is still pending final performance review with no confirmed amount or date; do not project it (the earlier bonus, event_20837, is already settled)."
request_228,3845261.94,not_affordable,not_recommended,none,,none,"Not recommended right now: only IDR 3,845,261.94 can be paid without dropping below the IDR 26,191,200 you want to keep. Committed expenses over the next 90 days use up the remaining headroom, so no full, partial or installment plan stays safe by 2026-04-30. First salary of IDR 30400000 confirmed for credit on 2026-04-15, consistent with prior recurring payroll pattern."
request_229,407.13,not_affordable,not_recommended,none,2024-05-15,none,"Not recommended right now: only EUR 407.13 can be paid without dropping below the EUR 1,000 you want to keep. Committed expenses over the next 90 days use up the remaining headroom, so no full, partial or installment plan stays safe by 2024-05-23. Bank confirms a previous debit attempt (event_21101) failed; the bill remains outstanding and another debit attempt is pending, so it should not be treated as a settled outflow yet."
request_230,3537.6,affordable_now,full_payment,2025-08-06:3537.60,2025-08-06,none,"Pay EUR 3,537.60 in full on 2025-08-06. This keeps at least EUR 2,000 available through the 90-day forecast. One household's employment income ended; employer confirms remaining recurring confirmed monthly income at EUR 2827 as of 2025-08-05 (previously the household received both a primary ~EUR 1752.74 salary and a second income stream)."
request_231,29579.58,affordable_with_plan,installments,2026-01-06:12378.08|2026-02-05:12378.08|2026-03-07:12378.08,2026-03-15,reduce_to:event_21305:845.90,"Use 3 installments of ZAR 12,378.08 starting 2026-01-06, totaling ZAR 37,134.24. This keeps the balance at or above ZAR 24,300 at every step. This requires reducing dining to its minimum to free up enough cash."
request_232,399.9,not_affordable,not_recommended,none,,none,"Not recommended right now: only EUR 399.90 can be paid without dropping below the EUR 2,400 you want to keep. Committed expenses over the next 90 days use up the remaining headroom, so no full, partial or installment plan stays safe by 2024-08-15. First salary of EUR 2772 confirmed for 2024-06-15, consistent with the existing payroll pattern."
request_233,0.0,not_affordable,not_recommended,none,,none,"Not recommended right now: no part of this can be paid without dropping below the IDR 10,365,700 you want to keep. Committed expenses over the next 90 days consume the available headroom before 2025-12-17."
request_234,252.5,affordable_later,wait,2026-09-15:1213.30,2026-09-15,none,"Wait and pay the full EUR 1,213.30 on 2026-09-15, once the balance can safely absorb it."
request_235,967.2,affordable_now,full_payment,2024-09-06:967.20,2024-09-06,none,"Pay USD 967.20 in full on 2024-09-06. This keeps at least USD 700 available through the 90-day forecast. Foreign-currency refund still processing as of 2024-08-30; the final home-currency credited amount is not yet known, so no amount can be recorded."
request_236,5253305.38,not_affordable,not_recommended,none,,none,"Not recommended right now: only IDR 5,253,305.38 can be paid without dropping below the IDR 16,768,600 you want to keep. Committed expenses over the next 90 days use up the remaining headroom, so no full, partial or installment plan stays safe by 2025-02-23. PocketVest investment value shown has declined, but the investment has not been sold; this is an unrealized valuation change with no cash impact (related event_21785 not detailed in this batch)."
request_237,23826000.0,affordable_now,full_payment,2026-04-05:23826000,2026-04-05,none,"Pay IDR 23,826,000 in full on 2026-04-05. This keeps at least IDR 22,431,500 available through the 90-day forecast. Seasonal contract has ended; no off-season income or contract renewal is confirmed, so no future income should be assumed."
request_238,663.6,affordable_with_plan,installments,2024-12-07:230.05|2025-01-07:230.05|2025-02-07:230.05,2024-12-07,none,"Use 3 installments of USD 230.05 starting 2024-12-07, totaling USD 690.15. This keeps the balance at or above USD 700 at every step. One household income source ended; remaining confirmed monthly salary is USD 912 (permanent change) effective after 2024-11-15."
request_239,642.0,affordable_now,full_payment,2025-05-04:642,2025-05-04,none,Pay USD 642 in full on 2025-05-04. This keeps at least USD 600 available through the 90-day forecast.
request_240,13491.65,not_affordable,not_recommended,none,,none,"Not recommended right now: only INR 13,491.65 can be paid without dropping below the INR 52,800 you want to keep. Committed expenses over the next 90 days use up the remaining headroom, so no full, partial or installment plan stays safe by 2026-03-20. First salary of INR 62000 confirmed for credit date 2026-01-15, consistent with existing payroll pattern."
request_241,21052000.0,affordable_with_plan,installments,2024-03-17:7298026.67|2024-04-17:7298026.67|2024-05-18:7298026.67,2024-03-03,none,"Use 3 installments of IDR 7,298,026.67 starting 2024-03-17, totaling IDR 21,894,080.01. This keeps the balance at or above IDR 19,252,000 at every step. Seasonal contract with Riverline Retail ended after the 2023-12-15 payment; no off-season income or renewal confirmed as of 2024-02-29."
request_242,0.0,not_affordable,not_recommended,none,,none,"Not recommended right now: no part of this can be paid without dropping below the EUR 600 you want to keep. Committed expenses over the next 90 days consume the available headroom before 2025-08-25. Confirmed regular salary of EUR 968 scheduled to start 2025-08-15 (first month, event_22212, was a prorated EUR 532.40)."
request_243,17468.0,affordable_now,full_payment,2026-07-07:17468,2026-07-07,none,"Pay ZAR 17,468 in full on 2026-07-07. This keeps at least ZAR 19,900 available through the 90-day forecast."
request_244,49918.0,affordable_now,full_payment,2024-06-04:49918,2024-06-04,none,"Pay ZAR 49,918 in full on 2024-06-04. This keeps at least ZAR 45,900 available through the 90-day forecast."
request_245,31979.05,affordable_with_plan,wait,2026-01-15:128500,,reduce_to:event_22583:2075,"Wait and pay the full INR 128,500 on 2026-01-15, once the balance can safely absorb it. This requires reducing dining to its minimum to free up enough cash. Salary of USD 1680 confirmed for settlement on 2025-11-15, consistent with prior recurring payroll pattern; final home-currency amount depends on settlement-date FX rate."
request_246,64086.0,affordable_with_plan,installments,2026-04-03:22216.48|2026-05-03:22216.48|2026-06-02:22216.48,2026-04-03,none,"Use 3 installments of ZAR 22,216.48 starting 2026-04-03, totaling ZAR 66,649.44. This keeps the balance at or above ZAR 39,300 at every step. Employment ended per employer notice; no further regular salary payments scheduled beyond final settlement."
request_247,1059.3,affordable_now,full_payment,2024-09-05:1059.30,2024-09-05,none,"Pay EUR 1,059.30 in full on 2024-09-05. This keeps at least EUR 1,300 available through the 90-day forecast. Employer confirms the temporary reduced monthly pay of EUR 1528.56 continues for the next payroll cycle; this is described as temporary, not a permanent change."
request_248,1178.93,affordable_with_plan,partial_payment,2025-02-07:1178.93|2025-02-11:786.67,2025-02-11,none,"Pay USD 1,178.93 today (2025-02-07) and the remaining USD 786.67 on 2025-02-11. This keeps at least USD 1,300 available throughout. Employer confirms a raised base salary of USD 1548 (from USD 928.8) as of 2025-02-02; commission amounts remain pending approval and are excluded until earned."
request_249,130.63,affordable_later,wait,2026-03-15:643.20,2026-03-15,none,"Wait and pay the full USD 643.20 on 2026-03-15, once the balance can safely absorb it. Following the reduced December payment (event_22869, unpaid leave), the next payroll cycle returns to the normal USD 702 salary."
request_250,15007.81,not_affordable,not_recommended,none,,none,"Not recommended right now: only ZAR 15,007.81 can be paid without dropping below the ZAR 35,300 you want to keep. Committed expenses over the next 90 days use up the remaining headroom, so no full, partial or installment plan stays safe by 2025-01-18. First salary from new employer confirmed at ZAR 53680 for 2024-12-15, consistent with the already-established new-employer payroll amount."
request_251,1513.6,not_affordable,not_recommended,none,2025-05-03,none,"Not recommended: EUR 1,513.60 would itself stay above the EUR 1,300 you want to keep, but none of the payment options offered for this request fit the methods you accept (installments, partial_payment)."
request_252,4328234.55,affordable_later,wait,2026-09-15:28082000,2026-09-15,none,"Wait and pay the full IDR 28,082,000 on 2026-09-15, once the balance can safely absorb it."
request_253,1330.51,affordable_with_plan,installments,2024-03-21:984.60|2024-04-21:984.60|2024-05-22:984.60,2024-05-15,reduce_to:event_23305:45.50,"Use 3 installments of EUR 984.60 starting 2024-03-21, totaling EUR 2,953.80. This keeps the balance at or above EUR 2,300 at every step. This requires reducing dining to its minimum to free up enough cash. A previous debit attempt for a bill (event_23306) failed; the bill remains outstanding and another debit attempt is expected. No reversal or settlement confirmed yet."
request_254,836.2,affordable_later,wait,2025-10-15:3535.20,2025-10-15,none,"Wait and pay the full USD 3,535.20 on 2025-10-15, once the balance can safely absorb it. Quarterly bonus amount and payment date remain unapproved/pending as of 2025-07-29; do not count until confirmed."
request_255,3345000.0,affordable_now,full_payment,2026-04-06:3345000,2026-04-06,none,"Pay IDR 3,345,000 in full on 2026-04-06. This keeps at least IDR 9,813,900 available through the 90-day forecast."
request_256,145685.49,affordable_with_plan,installments,2024-06-10:75816|2024-07-11:75816|2024-08-11:75816,2024-08-15,reduce_to:event_23553:3490,"Use 3 installments of INR 75,816 starting 2024-06-10, totaling INR 227,448. This keeps the balance at or above INR 168,600 at every step. This requires reducing dining to its minimum to free up enough cash. First salary of INR 214000 confirmed for 2024-06-15, consistent with the existing payroll pattern."
request_257,296.46,affordable_with_plan,wait,2026-01-15:1352.40,,reduce_to:event_23673:43,"Wait and pay the full USD 1,352.40 on 2026-01-15, once the balance can safely absorb it. This requires reducing dining to its minimum to free up enough cash."
request_258,1113.6,affordable_now,full_payment,2026-01-07:1113.60,2026-01-07,none,"Pay USD 1,113.60 in full on 2026-01-07. This keeps at least USD 500 available through the 90-day forecast."
request_259,440.51,affordable_later,wait,2024-11-15:935,2024-11-15,none,"Wait and pay the full EUR 935 on 2024-11-15, once the balance can safely absorb it. Previous debit attempt for an outstanding bill (event_23855) failed; the bill remains open and another debit attempt may occur."
request_260,6361699.84,not_affordable,not_recommended,none,,none,"Not recommended right now: only IDR 6,361,699.84 can be paid without dropping below the IDR 20,727,700 you want to keep. Committed expenses over the next 90 days use up the remaining headroom, so no full, partial or installment plan stays safe by 2025-04-18."
request_261,1830.4,affordable_now,full_payment,2026-07-03:1830.40,2026-07-03,none,"Pay EUR 1,830.40 in full on 2026-07-03. This keeps at least EUR 1,500 available through the 90-day forecast. Bank confirms a matching debit and credit in the account resulted from a transfer between the user's own two accounts (internal transfer, both under the same account holder); no specific event ids were provided to exclude."
request_262,9236000.0,affordable_now,full_payment,2024-12-05:9236000,2024-12-05,none,"Pay IDR 9,236,000 in full on 2024-12-05. This keeps at least IDR 31,018,500 available through the 90-day forecast. One household's employment income ended; employer confirms remaining recurring confirmed monthly income at IDR 48260000 as of 2024-11-23."
request_263,4925.25,not_affordable,not_recommended,none,,none,"Not recommended right now: only ZAR 4,925.25 can be paid without dropping below the ZAR 24,100 you want to keep. Committed expenses over the next 90 days use up the remaining headroom, so no full, partial or installment plan stays safe by 2025-06-15. Salary of EUR 1485 confirmed for 2025-05-15, converted at the settlement-date rate; consistent with existing payroll pattern."
request_264,22053.1,affordable_later,wait,2026-06-15:111300,2026-06-15,none,"Wait and pay the full INR 111,300 on 2026-06-15, once the balance can safely absorb it. Investment holding's displayed market value has fallen; no units sold and no cash transaction occurred, so this does not affect cash flow."
request_265,45970.0,affordable_now,full_payment,2024-03-06:45970,2024-03-06,none,"Pay INR 45,970 in full on 2024-03-06. This keeps at least INR 189,700 available through the 90-day forecast. Seasonal contract ended per employer notice 2024-02-28; no off-season income or renewal confirmed."
request_266,935.0,affordable_with_plan,installments,2025-08-03:324.13|2025-08-31:324.13|2025-09-28:324.13,2025-08-03,none,"Use 3 installments of EUR 324.13 starting 2025-08-03, totaling EUR 972.39. This keeps the balance at or above EUR 900 at every step. Portfolio market value (event_24534) has risen but no units were sold; this is an unrealized gain, not cash, and must not be counted as available funds."
request_267,1557.19,not_affordable,not_recommended,none,2026-03-15,none,"Not recommended right now: only EUR 1,557.19 can be paid without dropping below the EUR 1,500 you want to keep. Committed expenses over the next 90 days use up the remaining headroom, so no full, partial or installment plan stays safe by 2026-03-17. A recent purchase was charged in a foreign currency; the final home-currency amount is determined only at settlement, so no amount should be assumed yet."
request_268,1032.18,affordable_with_plan,installments,2024-06-14:841.22|2024-07-15:841.22|2024-08-15:841.22,2024-07-15,none,"Use 3 installments of EUR 841.22 starting 2024-06-14, totaling EUR 2,523.66. This keeps the balance at or above EUR 1,400 at every step. Prize claim verified but still in payment processing and not yet credited; not counted until settled."
request_269,0.0,not_affordable,not_recommended,none,,none,"Not recommended right now: no part of this can be paid without dropping below the ZAR 23,100 you want to keep. Committed expenses over the next 90 days consume the available headroom before 2026-01-02."
request_270,57.96,not_affordable,not_recommended,none,,none,"Not recommended right now: only USD 57.96 can be paid without dropping below the USD 1,400 you want to keep. Committed expenses over the next 90 days use up the remaining headroom, so no full, partial or installment plan stays safe by 2026-08-30."
request_271,16257.2,affordable_later,wait,2024-11-15:91300,2024-11-15,none,"Wait and pay the full INR 91,300 on 2024-11-15, once the balance can safely absorb it. Message confirms the INR 46350 one-time arrears adjustment (already recorded as event_24921) is a one-off, separate from the INR 103000 regular salary."
request_272,5885838.28,affordable_with_plan,installments,2025-02-12:4709466.67|2025-03-12:4709466.67|2025-04-09:4709466.67,2025-03-15,none,"Use 3 installments of IDR 4,709,466.67 starting 2025-02-12, totaling IDR 14,128,400.01. This keeps the balance at or above IDR 7,508,600 at every step. Quarterly bonus amount and payment date remain unapproved/pending as of 2025-02-02; do not count until confirmed."
request_273,9192347.08,affordable_with_plan,partial_payment,2026-04-07:9192347.08|2026-04-15:6668652.92,2026-04-15,none,"Pay IDR 9,192,347.08 today (2026-04-07) and the remaining IDR 6,668,652.92 on 2026-04-15. This keeps at least IDR 18,774,600 available throughout. A matching debit and credit are an internal transfer between the user's own two accounts (a wash, not new cash), but no event ids were shown to identify which entries."
request_274,2078.42,affordable_with_plan,installments,2024-12-04:940.75|2025-01-04:940.75|2025-02-04:940.75,2025-02-15,none,"Use 3 installments of EUR 940.75 starting 2024-12-04, totaling EUR 2,822.25. This keeps the balance at or above EUR 1,800 at every step. Foreign-currency refund still processing; final home-currency credit amount not yet known, so no amount can be recorded."
request_275,15884000.0,affordable_now,full_payment,2025-05-06:15884000,2025-05-06,none,"Pay IDR 15,884,000 in full on 2025-05-06. This keeps at least IDR 12,760,100 available through the 90-day forecast. Merchant confirms a refund for order tied to event_25342 has been initiated but not yet credited to the account; do not count as settled cash until it lands (up to ten business days)."
